away_team,away_score,away_team_xwoba_diff,away_lineup_xwoba,away_team_xfip,away_starter_xfip,away_close_win_pct,away_run_diff,home_team,home_score,home_team_xwoba_diff,home_lineup_xwoba,home_team_xfip,home_starter_xfip,home_close_win_pct,home_run_diff
TEX,4,-0.0037499999999999994,0.31831079584118216,4.194,3.827492807233868,0.5217391304,9,HOU,2,0.0174,0.3260430118941775,4.1095,4.420086419753087,0.2916666667,49
TEX,2,-0.0037499999999999994,0.31801095098655074,4.194,3.592866801113992,0.5217391304,9,HOU,1,0.0174,0.3291440949138314,4.1095,3.97963292888957,0.2916666667,49
TEX,3,-0.0037499999999999994,0.31801095098655074,4.194,4.025629547141796,0.5217391304,9,HOU,6,0.0174,0.32730625668288815,4.1095,3.516198244330651,0.2916666667,49
BAL,0,0.0107,0.32996936366149104,4.035,3.365871315413583,0.5,80,TEX,0,-0.0037499999999999994,0.31801095098655074,4.194,4.738333917786869,0.5217391304,9
AZ,0,-0.011949999999999999,0.3162504413054445,4.287999999999999,4.611069182389937,0.6,17,CHC,0,-0.0002499999999999998,0.31139668972295736,4.0835,3.76,0.4117647059,-5
